date,days_since_t0,requests,distinct_clients,distinct_sources,polling_share_pct
2026-06-29,-44,5,3,5,0.0
2026-06-30,-43,1,1,1,0.0
2026-07-01,-42,1,1,1,0.0
2026-07-02,-41,2,1,2,0.0
2026-07-03,-40,6,1,5,0.0
2026-07-04,-39,6,1,5,0.0
2026-07-05,-38,10,1,8,0.0
2026-07-06,-37,5,1,5,0.0
2026-07-07,-36,2,1,2,0.0
2026-07-08,-35,3,2,3,0.0
2026-07-09,-34,2,1,2,0.0
2026-07-10,-33,4,1,4,0.0
2026-07-11,-32,7,2,7,0.0
2026-07-12,-31,4,1,3,0.0
2026-07-13,-30,1,1,1,0.0
2026-07-14,-29,4,2,4,0.0
2026-07-15,-28,5,3,5,0.0
2026-07-16,-27,4,1,4,0.0
2026-07-17,-26,3,1,3,0.0
2026-07-18,-25,3,1,3,0.0
2026-07-19,-24,3,1,3,0.0
2026-07-20,-23,5,2,5,0.0
2026-07-21,-22,5,1,5,0.0
2026-07-22,-21,4,2,4,0.0
2026-07-23,-20,1,1,1,0.0
2026-07-24,-19,9,2,8,0.0
2026-07-25,-18,8,1,7,0.0
2026-07-26,-17,2,2,2,0.0
2026-07-27,-16,5,1,5,0.0
2026-07-28,-15,6,2,6,0.0
2026-07-29,-14,6,1,6,0.0
2026-07-30,-13,4,1,4,0.0
2026-07-31,-12,4,1,4,0.0
2026-08-01,-11,10,2,9,0.0
2026-08-02,-10,5,1,5,0.0
2026-08-03,-9,7,3,6,0.0
2026-08-04,-8,3,1,3,0.0
2026-08-05,-7,6,1,6,0.0
2026-08-06,-6,9,2,9,0.0
2026-08-07,-5,10,1,9,0.0
2026-08-08,-4,29,4,25,0.0
2026-08-09,-3,29,3,26,0.0
2026-08-10,-2,21,1,21,0.0
2026-08-11,-1,10,2,10,0.0
2026-08-12,0,209,25,49,13.9
2026-08-13,1,888,47,111,55.5
2026-08-14,2,861,40,112,61.0
2026-08-15,3,698,38,87,74.1
2026-08-16,4,698,41,89,77.4
2026-08-17,5,911,44,104,70.1
2026-08-18,6,929,43,102,68.9
2026-08-19,7,945,41,102,67.8
2026-08-20,8,933,44,105,70.7
2026-08-21,9,1772,47,96,73.5
2026-08-22,10,1988,46,98,67.1
2026-08-23,11,2250,58,107,63.2
2026-08-24,12,2270,55,87,69.7
2026-08-25,13,2650,52,89,77.5
2026-08-26,14,2474,51,92,77.6
2026-08-27,15,1890,48,90,73.2
2026-08-28,16,2004,46,84,70.7
2026-08-29,17,1956,52,89,71.3
2026-08-30,18,2158,61,96,71.9
2026-08-31,19,1681,58,98,69.8
2026-09-01,20,1138,55,103,67.8
2026-09-02,21,1179,56,96,64.0
2026-09-03,22,1115,48,90,61.5
2026-09-04,23,1152,60,99,68.8
2026-09-05,24,1223,58,102,68.0
2026-09-06,25,1237,63,99,71.1
2026-09-07,26,1055,64,105,80.8
2026-09-08,27,1052,60,98,79.5
2026-09-09,28,1122,64,102,79.6
2026-09-10,29,1080,63,107,76.2
2026-09-11,30,1038,63,102,78.6
2026-09-12,31,1189,64,164,82.5
2026-09-13,32,1755,75,129,55.9
2026-09-14,33,1810,69,111,54.8
2026-09-15,34,1457,65,98,64.5
2026-09-16,35,1636,70,117,64.1
2026-09-17,36,1776,72,126,56.5
2026-09-18,37,1557,70,130,64.5
2026-09-19,38,1893,67,117,58.1
2026-09-20,39,1823,81,148,60.0
2026-09-21,40,1627,73,118,62.3
2026-09-22,41,1627,65,108,59.9
2026-09-23,42,1726,76,140,58.7
2026-09-24,43,1827,71,112,56.7
2026-09-25,44,1584,68,107,54.9
